<Objs Version="1.1.0.1" xmlns="http://schemas.microsoft.com/powershell/2004/04">
  <Obj RefId="0">
    <TN RefId="0">
      <T>Microsoft.PowerShell.Commands.PSRepositoryItemInfo</T>
      <T>System.Management.Automation.PSCustomObject</T>
      <T>System.Object</T>
    </TN>
    <MS>
      <S N="Name">FailoverClusterDsc</S>
      <Version N="Version">2.1.0</Version>
      <S N="Type">Module</S>
      <S N="Description">Module containing DSC resources for deployment and configuration of Windows Server Failover Cluster.</S>
      <S N="Author">DSC Community</S>
      <S N="CompanyName">dsccommunity</S>
      <S N="Copyright">Copyright the DSC Community contributors. All rights reserved.</S>
      <DT N="PublishedDate">2022-06-19T16:44:41+01:00</DT>
      <Obj N="InstalledDate" RefId="1">
        <DT>2024-04-29T16:58:57.132363+01:00</DT>
        <MS>
          <Obj N="DisplayHint" RefId="2">
            <TN RefId="1">
              <T>Microsoft.PowerShell.Commands.DisplayHintType</T>
              <T>System.Enum</T>
              <T>System.ValueType</T>
              <T>System.Object</T>
            </TN>
            <ToString>DateTime</ToString>
            <I32>2</I32>
          </Obj>
        </MS>
      </Obj>
      <Nil N="UpdatedDate" />
      <URI N="LicenseUri">https://github.com/dsccommunity/xFailOverCluster/blob/main/LICENSE</URI>
      <URI N="ProjectUri">https://github.com/dsccommunity/xFailOverCluster</URI>
      <URI N="IconUri">https://dsccommunity.org/images/DSC_Logo_300p.png</URI>
      <Obj N="Tags" RefId="3">
        <TN RefId="2">
          <T>System.Object[]</T>
          <T>System.Array</T>
          <T>System.Object</T>
        </TN>
        <LST>
          <S>DesiredStateConfiguration</S>
          <S>DSC</S>
          <S>DSCResourceKit</S>
          <S>DSCResource</S>
          <S>PSModule</S>
        </LST>
      </Obj>
      <Obj N="Includes" RefId="4">
        <TN RefId="3">
          <T>System.Collections.Hashtable</T>
          <T>System.Object</T>
        </TN>
        <DCT>
          <En>
            <S N="Key">Workflow</S>
            <Obj N="Value" RefId="5">
              <TNRef RefId="2" />
              <LST />
            </Obj>
          </En>
          <En>
            <S N="Key">DscResource</S>
            <Obj N="Value" RefId="6">
              <TNRef RefId="2" />
              <LST>
                <S>Cluster</S>
                <S>ClusterDisk</S>
                <S>ClusterIPAddress</S>
                <S>ClusterNetwork</S>
                <S>ClusterPreferredOwner</S>
                <S>ClusterProperty</S>
                <S>ClusterQuorum</S>
                <S>WaitForCluster</S>
              </LST>
            </Obj>
          </En>
          <En>
            <S N="Key">RoleCapability</S>
            <Ref N="Value" RefId="5" />
          </En>
          <En>
            <S N="Key">Command</S>
            <Ref N="Value" RefId="5" />
          </En>
          <En>
            <S N="Key">Cmdlet</S>
            <Ref N="Value" RefId="5" />
          </En>
          <En>
            <S N="Key">Function</S>
            <Ref N="Value" RefId="5" />
          </En>
        </DCT>
      </Obj>
      <Nil N="PowerShellGetFormatVersion" />
      <S N="ReleaseNotes">## [2.1.0] - 2022-06-19_x000A__x000A_### Added_x000A__x000A_- New Resource_x000A_  - ClusterIPAddress_x000A_    - Adds an IP address to the cluster. _x000A__x000A_### Changed_x000A__x000A_- Cluster_x000A_  - New parameter KeepDownedNodesInCluster controls whether or not to evict_x000A_    nodes in a down state from the cluster._x000A_- FailoverClusterDsc_x000A_  - Update pipeline files to the latest from the Sampler project._x000A_  - Moved all documentation from the README.md to the GitHub repository Wiki._x000A_    All the DSC resource's schema MOF files was updated with descriptions from_x000A_    the README.md where they were more descriptive._x000A_  - Update GitHub pull request template after documentation was moved._x000A_- ClusterPreferredOwner_x000A_  - Minor fix to tests.</S>
      <Obj N="Dependencies" RefId="7">
        <TNRef RefId="2" />
        <LST />
      </Obj>
      <S N="RepositorySourceLocation">https://www.powershellgallery.com/api/v2</S>
      <S N="Repository">PSGallery</S>
      <S N="PackageManagementProvider">NuGet</S>
      <Obj N="AdditionalMetadata" RefId="8">
        <TN RefId="4">
          <T>System.Management.Automation.PSCustomObject</T>
          <T>System.Object</T>
        </TN>
        <MS>
          <S N="copyright">Copyright the DSC Community contributors. All rights reserved.</S>
          <S N="description">Module containing DSC resources for deployment and configuration of Windows Server Failover Cluster.</S>
          <S N="requireLicenseAcceptance">False</S>
          <S N="releaseNotes">## [2.1.0] - 2022-06-19_x000A__x000A_### Added_x000A__x000A_- New Resource_x000A_  - ClusterIPAddress_x000A_    - Adds an IP address to the cluster. _x000A__x000A_### Changed_x000A__x000A_- Cluster_x000A_  - New parameter KeepDownedNodesInCluster controls whether or not to evict_x000A_    nodes in a down state from the cluster._x000A_- FailoverClusterDsc_x000A_  - Update pipeline files to the latest from the Sampler project._x000A_  - Moved all documentation from the README.md to the GitHub repository Wiki._x000A_    All the DSC resource's schema MOF files was updated with descriptions from_x000A_    the README.md where they were more descriptive._x000A_  - Update GitHub pull request template after documentation was moved._x000A_- ClusterPreferredOwner_x000A_  - Minor fix to tests.</S>
          <S N="isLatestVersion">True</S>
          <S N="isAbsoluteLatestVersion">False</S>
          <S N="versionDownloadCount">53972</S>
          <S N="downloadCount">56451</S>
          <S N="packageSize">63642</S>
          <S N="published">19/06/2022 16:44:41 +01:00</S>
          <S N="created">19/06/2022 16:44:41 +01:00</S>
          <S N="lastUpdated">29/04/2024 15:47:27 +01:00</S>
          <S N="tags">DesiredStateConfiguration DSC DSCResourceKit DSCResource PSModule PSDscResource_Cluster PSDscResource_ClusterDisk PSDscResource_ClusterIPAddress PSDscResource_ClusterNetwork PSDscResource_ClusterPreferredOwner PSDscResource_ClusterProperty PSDscResource_ClusterQuorum PSDscResource_WaitForCluster PSIncludes_DscResource</S>
          <S N="developmentDependency">False</S>
          <S N="updated">2024-04-29T15:47:27Z</S>
          <S N="NormalizedVersion">2.1.0</S>
          <S N="Authors">DSC Community</S>
          <S N="IsPrerelease">false</S>
          <S N="ItemType">Module</S>
          <S N="FileList">FailoverClusterDsc.nuspec|FailoverClusterDsc.psm1|DSCResources\DSC_ClusterNetwork\README.md|FailoverClusterDsc.psd1|DSCResources\DSC_ClusterDisk\DSC_ClusterDisk.schema.mof|en-US\about_FailOverClusterDsc.help.txt|DSCResources\DSC_ClusterDisk\DSC_ClusterDisk.psm1|DSCResources\DSC_ClusterPreferredOwner\DSC_ClusterPreferredOwner.psm1|DSCResources\DSC_ClusterDisk\README.md|DSCResources\DSC_ClusterPreferredOwner\DSC_ClusterPreferredOwner.schema.mof|DSCResources\DSC_ClusterPreferredOwner\en-US\about_ClusterPreferredOwner.help.txt|DSCResources\DSC_ClusterPreferredOwner\README.md|DSCResources\DSC_ClusterPreferredOwner\en-US\DSC_ClusterPreferredOwner.strings.psd1|DSCResources\DSC_ClusterProperty\DSC_ClusterProperty.schema.mof|DSCResources\DSC_ClusterProperty\en-US\DSC_ClusterProperty.strings.psd1|DSCResources\DSC_ClusterProperty\DSC_ClusterProperty.psm1|DSCResources\DSC_ClusterProperty\en-US\about_ClusterProperty.help.txt|DSCResources\DSC_ClusterProperty\README.md|DSCResources\DSC_ClusterQuorum\en-US\DSC_ClusterQuorum.strings.psd1|DSCResources\DSC_ClusterQuorum\DSC_ClusterQuorum.psm1|DSCResources\DSC_ClusterQuorum\en-US\about_ClusterQuorum.help.txt|DSCResources\DSC_ClusterQuorum\DSC_ClusterQuorum.schema.mof|DSCResources\DSC_ClusterIPAddress\en-US\about_ClusterIPAddress.help.txt|DSCResources\DSC_ClusterQuorum\README.md|DSCResources\DSC_ClusterIPAddress\en-US\DSC_ClusterIPAddress.strings.psd1|DSCResources\DSC_ClusterIPAddress\DSC_ClusterIPAddress.psm1|DSCResources\DSC_Cluster\en-US\DSC_Cluster.strings.psd1|DSCResources\DSC_ClusterIPAddress\DSC_ClusterIPAddress.schema.mof|DSCResources\DSC_Cluster\en-US\about_Cluster.help.txt|DSCResources\DSC_ClusterIPAddress\README.md|DSCResources\DSC_WaitForCluster\en-US\DSC_WaitForCluster.strings.psd1|DSCResources\DSC_Cluster\DSC_Cluster.schema.mof|DSCResources\DSC_WaitForCluster\en-US\about_WaitForCluster.help.txt|DSCResources\DSC_Cluster\DSC_Cluster.psm1|DSCResources\DSC_ClusterNetwork\en-US\DSC_ClusterNetwork.strings.psd1|DSCResources\DSC_Cluster\README.md|DSCResources\DSC_ClusterNetwork\en-US\about_ClusterNetwork.help.txt|DSCResources\DSC_WaitForCluster\DSC_WaitForCluster.psm1|DSCResources\DSC_ClusterDisk\en-US\about_ClusterDisk.help.txt|DSCResources\DSC_WaitForCluster\DSC_WaitForCluster.schema.mof|DSCResources\DSC_ClusterDisk\en-US\DSC_ClusterDisk.strings.psd1|DSCResources\DSC_WaitForCluster\README.md|Modules\DscResource.Common\0.10.3\DscResource.Common.psm1|DSCResources\DSC_ClusterNetwork\DSC_ClusterNetwork.psm1|Modules\DscResource.Common\0.10.3\DscResource.Common.psd1|DSCResources\DSC_ClusterNetwork\DSC_ClusterNetwork.schema.mof|Modules\DscResource.Common\0.10.3\en-US\DscResource.Common.strings.psd1|Modules\DscResource.Common\0.10.3\en-US\about_DscResource.Common.help.txt</S>
          <S N="GUID">026e7fd8-06dd-41bc-b373-59366ab18679</S>
          <S N="PowerShellVersion">4.0</S>
          <S N="CompanyName">DSC Community</S>
        </MS>
      </Obj>
      <S N="InstalledLocation">C:\Users\chris.muldown\Documents\PowerShell\Modules\FailoverClusterDsc\2.1.0</S>
    </MS>
  </Obj>
</Objs>
